Address,Type,Datetime,Latitude,Longitude,Report Location,Incident Number
209 Yesler Way,Trans to AMR,07/09/2015 04:24:00 AM +0000,47.601719,-122.331826,"(47.601719, -122.331826)",F150076106
2201 Alaskan Way,Aid Response,07/09/2015 04:15:00 AM +0000,47.610762,-122.347609,"(47.610762, -122.347609)",F150076105
1206 E Jefferson St,Rescue Elevator,07/09/2015 04:14:00 AM +0000,47.606203,-122.3167,"(47.606203, -122.3167)",F150076104
Fremont Av N / N 34th St,Aid Response,07/09/2015 04:03:00 AM +0000,47.64959,-122.349747,"(47.64959, -122.349747)",F150076103
3610 Ne 42nd St,Automatic Fire Alarm Resd,07/09/2015 03:54:00 AM +0000,47.659166,-122.289164,"(47.659166, -122.289164)",F150076100
Utah Av S / S Massachusetts St,Aid Response,07/09/2015 03:53:00 AM +0000,47.588229,-122.33512,"(47.588229, -122.33512)",F150076099
836 28th Av S,Activated CO Detector,07/09/2015 03:53:00 AM +0000,47.595195,-122.296481,"(47.595195, -122.296481)",F150076098
S Homer St / Padilla Pl S,Brush Fire,07/09/2015 03:49:00 AM +0000,47.551149,-122.322329,"(47.551149, -122.322329)",F150076097
1770 Nw 58th St,Aid Response,07/09/2015 03:43:00 AM +0000,47.670905,-122.379633,"(47.670905, -122.379633)",F150076096
N 130th St / Aurora Av N,Aid Response,07/09/2015 03:34:00 AM +0000,47.723212,-122.344977,"(47.723212, -122.344977)",F150076095
1251 S Cloverdale St,Aid Response,07/09/2015 03:33:00 AM +0000,47.526447,-122.316894,"(47.526447, -122.316894)",F150076094
1220 Ne 143rd St,Aid Response,07/09/2015 03:29:00 AM +0000,47.732149,-122.315237,"(47.732149, -122.315237)",F150076089
S Alaska St / 38th Av S,Aid Response,07/09/2015 03:29:00 AM +0000,47.560741,-122.284906,"(47.560741, -122.284906)",F150076090
303 S Jackson St,Medic Response,07/09/2015 03:28:00 AM +0000,47.599199,-122.33005,"(47.599199, -122.33005)",F150076084
1919 1st Av,Aid Response,07/09/2015 03:27:00 AM +0000,47.61031,-122.341375,"(47.61031, -122.341375)",F150076082
S Judkins St / 12th Av S,Brush Fire,07/09/2015 03:25:00 AM +0000,47.59154,-122.317281,"(47.59154, -122.317281)",F150076081
Pine St / Minor Av,Aid Response,07/09/2015 03:23:00 AM +0000,47.614921,-122.328712,"(47.614921, -122.328712)",F150076080
12553 4th Av Nw,Aid Response,07/09/2015 03:21:00 AM +0000,47.72012,-122.36231,"(47.72012, -122.36231)",F150076078
173 S Washington St,Aid Response,07/09/2015 03:18:00 AM +0000,47.600881,-122.332252,"(47.600881, -122.332252)",F150076076
940 N 98th St,Rescue Elevator,07/09/2015 03:09:00 AM +0000,47.700531,-122.34679,"(47.700531, -122.34679)",F150076074
115 N 36th St,Auto Fire Alarm,07/09/2015 03:06:00 AM +0000,47.652928,-122.357499,"(47.652928, -122.357499)",F150076073
4540 University Way Ne,Aid Response,07/09/2015 03:05:00 AM +0000,47.661628,-122.313124,"(47.661628, -122.313124)",F150076072
1220 Ne 143rd St,Aid Response,07/09/2015 03:03:00 AM +0000,47.732149,-122.315237,"(47.732149, -122.315237)",F150076071
411 University St,Aid Response,07/09/2015 02:58:00 AM +0000,47.60828,-122.334742,"(47.60828, -122.334742)",F150076069
318 2nd Av Et  S,Aid Response,07/09/2015 02:56:00 AM +0000,47.6002,-122.330547,"(47.6002, -122.330547)",F150076067
3516 S Juneau St,Auto Fire Alarm,07/09/2015 02:46:00 AM +0000,47.549771,-122.288767,"(47.549771, -122.288767)",F150076065
351 Broad St,Aid Response,07/09/2015 02:45:00 AM +0000,47.618606,-122.350324,"(47.618606, -122.350324)",F150076064
6135 35th Av S,Medic Response,07/09/2015 02:45:00 AM +0000,47.546102,-122.289002,"(47.546102, -122.289002)",F150076063
4105 Leary Way Nw,Fire in Building,07/09/2015 02:35:00 AM +0000,47.65697,-122.3628,"(47.65697, -122.3628)",F150076057
2528 Sw 112th St,Train Derailment wFireHzmt,07/09/2015 02:34:00 AM +0000,47.502795,-122.364674,"(47.502795, -122.364674)",V150076056
3rd Av S / S Washington St,Aid Response,07/09/2015 02:31:00 AM +0000,47.600877,-122.330268,"(47.600877, -122.330268)",F150076054
4020 Ne 72nd St,Aid Response,07/09/2015 02:30:00 AM +0000,47.680886,-122.284906,"(47.680886, -122.284906)",F150076053
10732 8th Av Ne,Aid Response,07/09/2015 02:30:00 AM +0000,47.706746,-122.320523,"(47.706746, -122.320523)",F150076052
2000 1st Av,Aid Response,07/09/2015 02:27:00 AM +0000,47.611068,-122.342612,"(47.611068, -122.342612)",F150076051
E PIKE ST / 11TH AV,Aid Response,07/09/2015 02:27:00 AM +0000,47.614094,-122.318141,"(47.614094, -122.318141)",F150076050
3rd Av / Pine St,Aid Response,07/09/2015 02:24:00 AM +0000,47.610743,-122.338702,"(47.610743, -122.338702)",F150076049
N 34th St / Albion Pl N,Aid Response,07/09/2015 02:08:00 AM +0000,47.648842,-122.344766,"(47.648842, -122.344766)",F150076047
N 34th St / Albion Pl N,Aid Response,07/09/2015 02:07:00 AM +0000,47.648842,-122.344766,"(47.648842, -122.344766)",F150076045
Wallingford Av N / N 40th St,MVI - Motor Vehicle Incident,07/09/2015 02:04:00 AM +0000,47.655649,-122.336257,"(47.655649, -122.336257)",F150076043
N 40th St / Wallingford Av N,MVI - Motor Vehicle Incident,07/09/2015 02:03:00 AM +0000,47.655649,-122.336257,"(47.655649, -122.336257)",F150076042
4822 Delridge Way Sw,Aid Response,07/09/2015 02:02:00 AM +0000,47.559075,-122.362899,"(47.559075, -122.362899)",F150076041
6338 31st Av Sw,Brush Fire,07/09/2015 02:01:00 AM +0000,47.546379,-122.371671,"(47.546379, -122.371671)",F150076040
9407 5th Av Sw,Medic Response,07/09/2015 02:01:00 AM +0000,47.519041,-122.341612,"(47.519041, -122.341612)",F150076039
1811 Eastlake Av,Medic Response,07/09/2015 01:54:00 AM +0000,47.618002,-122.329183,"(47.618002, -122.329183)",F150076037
2200 Nw Market St,Aid Response,07/09/2015 01:49:00 AM +0000,47.668678,-122.384746,"(47.668678, -122.384746)",F150076036
Sw Concord St / 45th Av Sw,MVI - Motor Vehicle Incident,07/09/2015 01:43:00 AM +0000,47.524164,-122.390182,"(47.524164, -122.390182)",F150076034
21st Av Ne / Ne 83rd St,1RED 1 Unit,07/09/2015 01:38:00 AM +0000,47.68983,-122.305706,"(47.68983, -122.305706)",F150076033
1501 10th Av E,Auto Fire Alarm,07/09/2015 01:34:00 AM +0000,47.632287,-122.320207,"(47.632287, -122.320207)",F150076029
24th Av Nw / Nw 54th St,Aid Response,07/09/2015 01:33:00 AM +0000,47.667968,-122.387638,"(47.667968, -122.387638)",F150076030
223 Yesler Way,Unk Odor,07/09/2015 01:33:00 AM +0000,47.601718,-122.331581,"(47.601718, -122.331581)",F150076028
1501 17th Av,Auto Fire Alarm,07/09/2015 01:21:00 AM +0000,47.614106,-122.310161,"(47.614106, -122.310161)",F150076023
62 Cedar St,Auto Fire Alarm,07/09/2015 01:20:00 AM +0000,47.615116,-122.351504,"(47.615116, -122.351504)",F150076022
202 6th Av S,Aid Response,07/09/2015 01:18:00 AM +0000,47.600854,-122.326354,"(47.600854, -122.326354)",F150076019
2nd Av / Lenora St,Aid Response,07/09/2015 01:18:00 AM +0000,47.612502,-122.343053,"(47.612502, -122.343053)",F150076021
E Mercer St / Melrose Av E,Aid Response,07/09/2015 01:17:00 AM +0000,47.624282,-122.327881,"(47.624282, -122.327881)",F150076018
Nw Market St / 8th Av Nw,Aid Response,07/09/2015 01:12:00 AM +0000,47.668653,-122.366178,"(47.668653, -122.366178)",F150076016
1700 23rd Av,Aid Response,07/09/2015 01:11:00 AM +0000,47.616491,-122.302623,"(47.616491, -122.302623)",F150076015
202 6th Av S,Aid Response,07/09/2015 01:10:00 AM +0000,47.600854,-122.326354,"(47.600854, -122.326354)",F150076014
4th Av S / Seattle Blvd S,Aid Response,07/09/2015 01:08:00 AM +0000,47.596486,-122.329046,"(47.596486, -122.329046)",F150076013
Ne 98th St / 17th Av Ne,Medic Response,07/09/2015 01:06:00 AM +0000,47.700321,-122.309551,"(47.700321, -122.309551)",F150076012
E Madison St / 17th Av,Aid Response,07/09/2015 01:01:00 AM +0000,47.61559,-122.310151,"(47.61559, -122.310151)",F150076010
10th Av / E Pine St,Aid Response,07/09/2015 01:00:00 AM +0000,47.615245,-122.319465,"(47.615245, -122.319465)",F150076009
3201 Sw Graham St,Aid Response,07/09/2015 12:55:00 AM +0000,47.54666,-122.373219,"(47.54666, -122.373219)",F150076008
1200 University St,Aid Response,07/09/2015 12:54:00 AM +0000,47.611943,-122.325987,"(47.611943, -122.325987)",F150076007
12327 Pinehurst Way Ne,Aid Response,07/09/2015 12:51:00 AM +0000,47.717768,-122.310408,"(47.717768, -122.310408)",F150076006
15th Av W / W Boston St,MVI - Motor Vehicle Incident,07/09/2015 12:36:00 AM +0000,47.638633,-122.376149,"(47.638633, -122.376149)",F150076004
N Northgate Way / Corliss Av N,Aid Response,07/09/2015 12:35:00 AM +0000,47.708646,-122.331314,"(47.708646, -122.331314)",F150076003
500 Pine St,Auto Fire Alarm,07/09/2015 12:35:00 AM +0000,47.611672,-122.336484,"(47.611672, -122.336484)",F150076002
Delridge Way Sw / Sw Myrtle St,MVI - Motor Vehicle Incident,07/09/2015 12:28:00 AM +0000,47.539147,-122.360938,"(47.539147, -122.360938)",F150076001
1420 Western Av,Auto Fire Alarm,07/09/2015 12:26:00 AM +0000,47.607557,-122.340392,"(47.607557, -122.340392)",F150076000
Lake City Way Ne / Ne 125th St,Rubbish Fire,07/09/2015 12:17:00 AM +0000,47.719279,-122.295233,"(47.719279, -122.295233)",F150075996
1932 2nd Av,Alarm Bell,07/09/2015 12:15:00 AM +0000,47.611207,-122.340864,"(47.611207, -122.340864)",F150075995
204 3rd Av S,Aid Response,07/09/2015 12:13:00 AM +0000,47.600843,-122.330271,"(47.600843, -122.330271)",F150075994
1903 Aurora Av N,Brush Fire,07/09/2015 12:07:00 AM +0000,47.636996,-122.344141,"(47.636996, -122.344141)",F150075993
9th Av / Pike St,Bark Fire,07/09/2015 12:05:00 AM +0000,47.612535,-122.331134,"(47.612535, -122.331134)",F150075992
1107 1st Av,Aid Response,07/09/2015 12:02:00 AM +0000,47.605452,-122.336931,"(47.605452, -122.336931)",F150075991
2917 S Snoqualmie St,Aid Response,07/08/2015 11:58:00 PM +0000,47.561509,-122.29496,"(47.561509, -122.29496)",F150075990
4085 Hillcrest Av Sw,Medic Response,07/08/2015 11:55:00 PM +0000,47.566343,-122.404057,"(47.566343, -122.404057)",F150075989
E Yesler Way / 23rd Av,1RED 1 Unit,07/08/2015 11:51:00 PM +0000,47.601667,-122.302339,"(47.601667, -122.302339)",F150075988
22nd Av / E Union St,Medic Response- 6 per Rule,07/08/2015 11:50:00 PM +0000,47.612933,-122.303635,"(47.612933, -122.303635)",F150075985
140 4th Av N,Aid Response,07/08/2015 11:48:00 PM +0000,47.619041,-122.348899,"(47.619041, -122.348899)",F150075984
320 Ne 76th St,Automatic Medical Alarm,07/08/2015 11:45:00 PM +0000,47.683564,-122.325145,"(47.683564, -122.325145)",F150075983
4800 Sand Point Way Ne,Auto Fire Alarm,07/08/2015 11:31:00 PM +0000,47.664393,-122.283353,"(47.664393, -122.283353)",F150075982
1604 Ne 50th St,Aid Response,07/08/2015 11:27:00 PM +0000,47.664884,-122.310756,"(47.664884, -122.310756)",F150075979
2101 E Yesler Way,Fire in Building,07/08/2015 11:27:00 PM +0000,47.601672,-122.305031,"(47.601672, -122.305031)",F150075980
Ne 145th St / 15th Av Ne,Brush Fire,07/08/2015 11:25:00 PM +0000,47.733952,-122.312749,"(47.733952, -122.312749)",F150075977
2101 Ferry Av Sw,Medic Response,07/08/2015 11:25:00 PM +0000,47.585364,-122.387189,"(47.585364, -122.387189)",F150075978
1519 12th Av,Aid Response,07/08/2015 11:23:00 PM +0000,47.614317,-122.316839,"(47.614317, -122.316839)",F150075974
3610 33rd Av S,Trans to AMR,07/08/2015 11:22:00 PM +0000,47.571499,-122.290999,"(47.571499, -122.290999)",F150075975
42ND AV SW / SW LANDER ST,Aid Response,07/08/2015 11:21:00 PM +0000,47.579305,-122.385247,"(47.579305, -122.385247)",F150075973
434 N 35th St,Auto Fire Alarm,07/08/2015 11:20:00 PM +0000,47.651214,-122.353609,"(47.651214, -122.353609)",F150075972
720 Broadway,Aid Response,07/08/2015 11:18:00 PM +0000,47.608299,-122.320755,"(47.608299, -122.320755)",F150075971
13000 Lake City Way Ne,Brush Fire,07/08/2015 11:15:00 PM +0000,47.722899,-122.293194,"(47.722899, -122.293194)",F150075969
1020 Seneca St,Aid Response,07/08/2015 11:09:00 PM +0000,47.610396,-122.327328,"(47.610396, -122.327328)",F150075967
1811 Eastlake Av,Trans to AMR,07/08/2015 11:06:00 PM +0000,47.618002,-122.329183,"(47.618002, -122.329183)",F150075966
6838 35th Av Ne,Automatic Fire Alarm Resd,07/08/2015 11:05:00 PM +0000,47.677939,-122.290335,"(47.677939, -122.290335)",F150075965
5801 Beacon Av S,Brush Fire,07/08/2015 11:01:00 PM +0000,47.550543,-122.301905,"(47.550543, -122.301905)",F150075964
4915 25th Av Ne,Aid Response,07/08/2015 10:55:00 PM +0000,47.664543,-122.300895,"(47.664543, -122.300895)",F150075961
3100 Fairview Av E,Wires Down,07/08/2015 10:55:00 PM +0000,47.649148,-122.32447,"(47.649148, -122.32447)",F150075962
14200 Linden Av N,Aid Response,07/08/2015 10:51:00 PM +0000,47.731677,-122.347772,"(47.731677, -122.347772)",F150075960
S Lucile St / Airport Way S,Aid Response,07/08/2015 10:47:00 PM +0000,47.553351,-122.321004,"(47.553351, -122.321004)",F150075959
Highland Park Way Sw / West Marginal Way S,Aid Response,07/08/2015 10:40:00 PM +0000,47.538315,-122.334445,"(47.538315, -122.334445)",F150075956
318 2nd Av Et  S,Trans to AMR,07/08/2015 10:38:00 PM +0000,47.6002,-122.330547,"(47.6002, -122.330547)",F150075958
2801 W Elmore St,Natural Gas Leak,07/08/2015 10:31:00 PM +0000,47.657696,-122.392859,"(47.657696, -122.392859)",F150075954
2801 W Elmore St,Natural Gas Leak,07/08/2015 10:31:00 PM +0000,47.657696,-122.392859,"(47.657696, -122.392859)",F150075955
Stewart St / Minor Av,Aid Response,07/08/2015 10:22:00 PM +0000,47.61761,-122.331859,"(47.61761, -122.331859)",F150075953
Olson Pl Sw / Sw Cambridge Pl,Aid Response,07/08/2015 10:20:00 PM +0000,47.518536,-122.339451,"(47.518536, -122.339451)",F150075952
1112 33rd Av S,Medic Response,07/08/2015 10:15:00 PM +0000,47.59338,-122.290348,"(47.59338, -122.290348)",F150075950
S Washington St / Occidental Av S,Medic Response,07/08/2015 10:14:00 PM +0000,47.600882,-122.332877,"(47.600882, -122.332877)",F150075949
2106 Ne 47th St,Auto Fire Alarm,07/08/2015 10:12:00 PM +0000,47.663074,-122.305164,"(47.663074, -122.305164)",F150075948
9645 Renton Av S,Mutual Aid- Task Force,07/08/2015 10:06:00 PM +0000,47.515841,-122.26808,"(47.515841, -122.26808)",F150075945
1701 13th Av S,Medic Response,07/08/2015 10:04:00 PM +0000,47.588422,-122.315981,"(47.588422, -122.315981)",F150075944
9999 Holman Rd Nw,Aid Response,07/08/2015 09:54:00 PM +0000,47.701698,-122.362125,"(47.701698, -122.362125)",F150075940
5444 Delridge Way Sw,Aid Response,07/08/2015 09:51:00 PM +0000,47.553321,-122.362969,"(47.553321, -122.362969)",F150075938
1300 University St,Aid Response,07/08/2015 09:50:00 PM +0000,47.612408,-122.324876,"(47.612408, -122.324876)",F150075937
N 90th St / Densmore Av N,Aid Response,07/08/2015 09:48:00 PM +0000,47.694148,-122.337827,"(47.694148, -122.337827)",F150075936
9th Av / James St,Natural Gas Odor,07/08/2015 09:45:00 PM +0000,47.605555,-122.324749,"(47.605555, -122.324749)",F150075935
321 10th Av,Rescue Elevator,07/08/2015 09:39:00 PM +0000,47.604532,-122.319411,"(47.604532, -122.319411)",F150075933
3rd Av / Pine St,Aid Response,07/08/2015 09:38:00 PM +0000,47.610743,-122.338702,"(47.610743, -122.338702)",F150075934
515 Minor Av,Trans to AMR,07/08/2015 09:35:00 PM +0000,47.606467,-122.320874,"(47.606467, -122.320874)",F150075932
1555 23rd Av,Medic Response- 6 per Rule,07/08/2015 09:31:00 PM +0000,47.614791,-122.302663,"(47.614791, -122.302663)",F150075930
725 9th Av,Rescue Elevator,07/08/2015 09:24:00 PM +0000,47.606444,-122.325563,"(47.606444, -122.325563)",F150075924
210 Alaskan Way S,Aid Response,07/08/2015 09:23:00 PM +0000,47.600816,-122.335963,"(47.600816, -122.335963)",F150075922
101 Stewart St,Medic Response- 7 per Rule,07/08/2015 09:22:00 PM +0000,47.610282,-122.341334,"(47.610282, -122.341334)",F150075921
1401 Broadway,Rescue Elevator,07/08/2015 09:21:00 PM +0000,47.612963,-122.320762,"(47.612963, -122.320762)",F150075920
Broadway / E James Way,Aid Response,07/08/2015 09:16:00 PM +0000,47.607218,-122.320752,"(47.607218, -122.320752)",F150075919
4217 Sw Oregon St,Medic Response,07/08/2015 09:15:00 PM +0000,47.562881,-122.385671,"(47.562881, -122.385671)",F150075917
2224 8th Av,Rescue Elevator,07/08/2015 09:14:00 PM +0000,47.617439,-122.3395,"(47.617439, -122.3395)",F150075916
5107 24th Av Ne,Medic Response,07/08/2015 09:05:00 PM +0000,47.665882,-122.301932,"(47.665882, -122.301932)",F150075914
437 Ne 72nd St,Rescue Elevator,07/08/2015 09:02:00 PM +0000,47.680651,-122.323999,"(47.680651, -122.323999)",F150075912
1043 S Washington St,Aid Response,07/08/2015 09:02:00 PM +0000,47.600875,-122.317951,"(47.600875, -122.317951)",F150075911
600 Broadway,Auto Fire Alarm,07/08/2015 09:02:00 PM +0000,47.607218,-122.320752,"(47.607218, -122.320752)",F150075910
1415 5th Av,Rescue Elevator,07/08/2015 09:01:00 PM +0000,47.609827,-122.334796,"(47.609827, -122.334796)",F150075909
1421 34th Av,Auto Fire Alarm,07/08/2015 09:01:00 PM +0000,47.613125,-122.289299,"(47.613125, -122.289299)",F150075905
415 10th Av,Rescue Elevator,07/08/2015 09:01:00 PM +0000,47.605346,-122.319413,"(47.605346, -122.319413)",F150075906
418 Bellevue Av E,Auto Fire Alarm,07/08/2015 09:00:00 PM +0000,47.622183,-122.326586,"(47.622183, -122.326586)",F150075901
907 Pine St,Aid Response,07/08/2015 09:00:00 PM +0000,47.613561,-122.331963,"(47.613561, -122.331963)",F150075904
914 E Terrace St,Rescue Elevator,07/08/2015 08:59:00 PM +0000,47.605223,-122.320558,"(47.605223, -122.320558)",F150075900
E Pine St / 21st Av,Brush Fire,07/08/2015 08:57:00 PM +0000,47.615289,-122.304889,"(47.615289, -122.304889)",F150075895
23rd Av / E Pike St,Medic Response,07/08/2015 08:57:00 PM +0000,47.614155,-122.302678,"(47.614155, -122.302678)",F150075894
1401 E Yesler Way,Auto Fire Alarm,07/08/2015 08:57:00 PM +0000,47.601689,-122.314149,"(47.601689, -122.314149)",F150075897
666 S Dearborn St,Aid Response,07/08/2015 08:37:00 PM +0000,47.595834,-122.324633,"(47.595834, -122.324633)",F150075893
4550 16th Av Ne,Auto Fire Alarm,07/08/2015 08:34:00 PM +0000,47.66171,-122.31085,"(47.66171, -122.31085)",F150075891
1705 Ne Pacific St,Aid Response,07/08/2015 08:32:00 PM +0000,47.652037,-122.310567,"(47.652037, -122.310567)",F150075890
1801 16th Av Sw,Medic Response,07/08/2015 08:29:00 PM +0000,47.586231,-122.355429,"(47.586231, -122.355429)",F150075885
3rd Av / Stewart St,Aid Response,07/08/2015 08:29:00 PM +0000,47.611629,-122.339592,"(47.611629, -122.339592)",F150075887
2401 Utah Av S,Aid Response,07/08/2015 08:28:00 PM +0000,47.581888,-122.335125,"(47.581888, -122.335125)",F150075884
3rd Av / Stewart St,Aid Response,07/08/2015 08:26:00 PM +0000,47.611629,-122.339592,"(47.611629, -122.339592)",F150075882
4410 Latona Av Ne,Aid Response,07/08/2015 08:26:00 PM +0000,47.660315,-122.325123,"(47.660315, -122.325123)",F150075883
N 85th St / Aurora Av N,Aid Response,07/08/2015 08:23:00 PM +0000,47.690563,-122.344522,"(47.690563, -122.344522)",F150075881
Aurora Av N / N 85th St,Aid Response,07/08/2015 08:22:00 PM +0000,47.690563,-122.344522,"(47.690563, -122.344522)",F150075880
10564 5th Av Ne,Trans to AMR,07/08/2015 08:21:00 PM +0000,47.705755,-122.323193,"(47.705755, -122.323193)",F150075879
2306 California Av Sw,Aid Response,07/08/2015 08:20:00 PM +0000,47.582959,-122.38648,"(47.582959, -122.38648)",F150075878
N 125th St / Aurora Av N,Aid Response,07/08/2015 08:17:00 PM +0000,47.719572,-122.344937,"(47.719572, -122.344937)",F150075877
Rainier Av S / S Byron St,Aid Response,07/08/2015 08:10:00 PM +0000,47.573943,-122.294787,"(47.573943, -122.294787)",F150075876
300 Elliott Av W,Aid Response,07/08/2015 08:08:00 PM +0000,47.620961,-122.361282,"(47.620961, -122.361282)",F150075875
5th Av S / S Jackson St,Aid Response,07/08/2015 08:07:00 PM +0000,47.599195,-122.327667,"(47.599195, -122.327667)",F150075874
1501 4th Av,Medic Response,07/08/2015 08:04:00 PM +0000,47.610214,-122.336683,"(47.610214, -122.336683)",F150075873
4001 Airport Way S,Aid Response,07/08/2015 08:01:00 PM +0000,47.568065,-122.322674,"(47.568065, -122.322674)",F150075872
9200 2nd Av Sw,Aid Response,07/08/2015 07:58:00 PM +0000,47.521244,-122.336301,"(47.521244, -122.336301)",F150075871
9244 Sand Point Way Ne,MVI - Motor Vehicle Incident,07/08/2015 07:55:00 PM +0000,47.695704,-122.276334,"(47.695704, -122.276334)",F150075870
450 Ne 100th St,Aid Response,07/08/2015 07:55:00 PM +0000,47.701329,-122.323684,"(47.701329, -122.323684)",F150075869
10201 Aurora Av N,Medic Response- 6 per Rule,07/08/2015 07:50:00 PM +0000,47.702878,-122.344668,"(47.702878, -122.344668)",F150075867
807 S King St,Aid Response,07/08/2015 07:50:00 PM +0000,47.598348,-122.32235,"(47.598348, -122.32235)",F150075868
509 3rd Av,Aid Response,07/08/2015 07:46:00 PM +0000,47.602114,-122.330809,"(47.602114, -122.330809)",F150075865
3232 Nw 54th St,Aid Response,07/08/2015 07:40:00 PM +0000,47.66746,-122.399718,"(47.66746, -122.399718)",F150075864
1250 1st Av S,Medic Response,07/08/2015 07:38:00 PM +0000,47.592046,-122.334195,"(47.592046, -122.334195)",F150075863
8815 Seward Park Av S,Auto Fire Alarm,07/08/2015 07:36:00 PM +0000,47.52412,-122.264611,"(47.52412, -122.264611)",F150075862
6727 2nd Av Nw,Aid Response,07/08/2015 07:27:00 PM +0000,47.677934,-122.35946,"(47.677934, -122.35946)",F150075860
910 Marion St,Aid Response,07/08/2015 07:25:00 PM +0000,47.607742,-122.326595,"(47.607742, -122.326595)",F150075861
310 15th Av E,Aid Response,07/08/2015 07:22:00 PM +0000,47.620859,-122.31269,"(47.620859, -122.31269)",F150075859
4216 6th Av Nw,Aid Response,07/08/2015 07:18:00 PM +0000,47.658163,-122.363984,"(47.658163, -122.363984)",F150075857
14th Av Nw / Nw Market St,Aid Response,07/08/2015 07:16:00 PM +0000,47.668665,-122.373589,"(47.668665, -122.373589)",F150075856
1902 2nd Av,Automatic Medical Alarm,07/08/2015 07:14:00 PM +0000,47.610972,-122.340465,"(47.610972, -122.340465)",F150075855
100 Crockett St,Medic Response,07/08/2015 07:07:00 PM +0000,47.637416,-122.355598,"(47.637416, -122.355598)",F150075854
Maynard Al S / S King St,Rubbish Fire,07/08/2015 06:59:00 PM +0000,47.598351,-122.324404,"(47.598351, -122.324404)",F150075852
4526 15th Av Ne,Aid Response,07/08/2015 06:59:00 PM +0000,47.661492,-122.31199,"(47.661492, -122.31199)",F150075851
8510 Midvale Av N,Alarm Bell,07/08/2015 06:52:00 PM +0000,47.690601,-122.342374,"(47.690601, -122.342374)",F150075848
117 18th Av,Trans to AMR,07/08/2015 06:49:00 PM +0000,47.602011,-122.308962,"(47.602011, -122.308962)",F150075849
12007 15th Av Ne,Aid Response,07/08/2015 06:49:00 PM +0000,47.715826,-122.312557,"(47.715826, -122.312557)",F150075847
75 Vine St,AFA4 - Auto Alarm 2 + 1 + 1,07/08/2015 06:46:00 PM +0000,47.614585,-122.350542,"(47.614585, -122.350542)",F150075846
2024 3rd Av,Aid Response,07/08/2015 06:46:00 PM +0000,47.612578,-122.341197,"(47.612578, -122.341197)",F150075845
4618 S Juneau St,Aid Response,07/08/2015 06:40:00 PM +0000,47.549707,-122.275158,"(47.549707, -122.275158)",F150075841
1050 Ne 50th St,Aid Response,07/08/2015 06:39:00 PM +0000,47.664932,-122.316859,"(47.664932, -122.316859)",F150075842
5th Av / Pine St,Aid Response,07/08/2015 06:37:00 PM +0000,47.611672,-122.336484,"(47.611672, -122.336484)",F150075838
3rd Av / Jefferson St,Medic Response,07/08/2015 06:37:00 PM +0000,47.602056,-122.330756,"(47.602056, -122.330756)",F150075839
4216 6th Av S,Medic Response,07/08/2015 06:36:00 PM +0000,47.566289,-122.326727,"(47.566289, -122.326727)",F150075837
2208 2nd Av,Assault w/Weap 7 per Rule,07/08/2015 06:27:00 PM +0000,47.613326,-122.344446,"(47.613326, -122.344446)",F150075835
6220 32nd Av Ne,Auto Fire Alarm,07/08/2015 06:19:00 PM +0000,47.674094,-122.293258,"(47.674094, -122.293258)",F150075834
4544 7th Av Ne,Aid Response,07/08/2015 06:17:00 PM +0000,47.661533,-122.320727,"(47.661533, -122.320727)",F150075833
S Graham St / M L King Jr Way S,MVI - Motor Vehicle Incident,07/08/2015 06:14:00 PM +0000,47.546057,-122.285631,"(47.546057, -122.285631)",F150075832
4th Av / Blanchard St,Aid Response,07/08/2015 06:13:00 PM +0000,47.6146,-122.342634,"(47.6146, -122.342634)",F150075831
N 54th St / Green Lake Way N,Aid Response,07/08/2015 06:10:00 PM +0000,47.667764,-122.340081,"(47.667764, -122.340081)",F150075830
7300 Roosevelt Way Ne,Aid Response,07/08/2015 06:10:00 PM +0000,47.681554,-122.317457,"(47.681554, -122.317457)",F150075829
414 Prospect St,Medic Response,07/08/2015 06:06:00 PM +0000,47.628916,-122.348656,"(47.628916, -122.348656)",F150075828
8447 50th Av S,Medic Response,07/08/2015 05:56:00 PM +0000,47.527308,-122.2714,"(47.527308, -122.2714)",F150075825
1400 Taylor Av N,Medic Response- 7 per Rule,07/08/2015 05:56:00 PM +0000,47.63141,-122.346267,"(47.63141, -122.346267)",F150075826
9th Av Nw / Nw 58th St,Aid Response,07/08/2015 05:52:00 PM +0000,47.670894,-122.368598,"(47.670894, -122.368598)",F150075823
1250 1ST AV S,EVENT - Special Event,07/08/2015 05:52:00 PM +0000,47.592046,-122.334195,"(47.592046, -122.334195)",F150075824
7342 15th Av Nw,MVI - Motor Vehicle Incident,07/08/2015 05:45:00 PM +0000,47.681766,-122.376775,"(47.681766, -122.376775)",F150075821
5270 Rainier Av S,Trans to AMR,07/08/2015 05:37:00 PM +0000,47.554937,-122.282393,"(47.554937, -122.282393)",F150075819
2307 18th Av E,Automatic Medical Alarm,07/08/2015 05:34:00 PM +0000,47.6396,-122.308978,"(47.6396, -122.308978)",F150075817
9722 8th Av Nw,Medic Response,07/08/2015 05:34:00 PM +0000,47.699447,-122.366044,"(47.699447, -122.366044)",F150075818
4540 University Way Ne,Aid Response,07/08/2015 05:25:00 PM +0000,47.661628,-122.313124,"(47.661628, -122.313124)",F150075816
John St / Queen Anne Av N,MVI - Motor Vehicle Incident,07/08/2015 05:05:00 PM +0000,47.619773,-122.356747,"(47.619773, -122.356747)",F150075813
1st Av S / S Washington St,Bark Fire,07/08/2015 05:04:00 PM +0000,47.600883,-122.334182,"(47.600883, -122.334182)",F150075814
23rd Av S / S Stevens St,MVI - Motor Vehicle Incident,07/08/2015 05:00:00 PM +0000,47.576707,-122.303325,"(47.576707, -122.303325)",F150075810
2260 1st Av S,Aid Response,07/08/2015 05:00:00 PM +0000,47.583347,-122.334199,"(47.583347, -122.334199)",F150075811
1536 N 115th St,Medic Response,07/08/2015 04:56:00 PM +0000,47.712306,-122.339738,"(47.712306, -122.339738)",F150075808
700 N 50th St,Aid Response,07/08/2015 04:52:00 PM +0000,47.665041,-122.350003,"(47.665041, -122.350003)",F150075807
3225 Mcclintock Av S,Aid Response,07/08/2015 04:52:00 PM +0000,47.574488,-122.292274,"(47.574488, -122.292274)",F150075806
3500 S Holden St,Aid Response,07/08/2015 04:50:00 PM +0000,47.533741,-122.288154,"(47.533741, -122.288154)",F150075805
1908 3rd Av,Aid Response,07/08/2015 04:46:00 PM +0000,47.611684,-122.339685,"(47.611684, -122.339685)",F150075804
6922 38th Av S,Auto Fire Alarm,07/08/2015 04:31:00 PM +0000,47.539049,-122.284755,"(47.539049, -122.284755)",F150075800
820 Yesler Way,Aid Response,07/08/2015 04:30:00 PM +0000,47.601702,-122.322098,"(47.601702, -122.322098)",F150075799
3500 S Holden St,Aid Response,07/08/2015 04:29:00 PM +0000,47.533741,-122.288154,"(47.533741, -122.288154)",F150075798
35th Av Sw / Sw Findlay St,Natural Gas Leak,07/08/2015 04:28:00 PM +0000,47.551961,-122.376307,"(47.551961, -122.376307)",F150075797
9227 10th Av Sw,Medic Response,07/08/2015 04:27:00 PM +0000,47.520736,-122.34799,"(47.520736, -122.34799)",F150075796
9457 25th Av Sw,Aid Response,07/08/2015 04:26:00 PM +0000,47.518667,-122.364559,"(47.518667, -122.364559)",F150075795
1207 S Jackson St,Rescue Elevator,07/08/2015 04:25:00 PM +0000,47.59919,-122.317114,"(47.59919, -122.317114)",F150075794
1701 Broadway,Aid Response,07/08/2015 04:21:00 PM +0000,47.616403,-122.320817,"(47.616403, -122.320817)",F150075793
3204 Sw Morgan St,Aid Response Yellow,07/08/2015 04:15:00 PM +0000,47.544669,-122.373777,"(47.544669, -122.373777)",F150075788
7910 41st Av Sw,Aid Response,07/08/2015 04:14:00 PM +0000,47.532112,-122.384673,"(47.532112, -122.384673)",F150075789
3418 Harbor Av Sw,Aid Response,07/08/2015 04:11:00 PM +0000,47.571672,-122.370644,"(47.571672, -122.370644)",F150075784
Western Av / Bell St,Aid Response,07/08/2015 04:09:00 PM +0000,47.61271,-122.347372,"(47.61271, -122.347372)",F150075782
1105 Terrace St,Aid Response,07/08/2015 04:07:00 PM +0000,47.605065,-122.321201,"(47.605065, -122.321201)",F150075780
24th Av Nw / Nw 59th St,MVI - Motor Vehicle Incident,07/08/2015 03:51:00 PM +0000,47.671645,-122.387587,"(47.671645, -122.387587)",F150075776
500 5th Av,Aid Response,07/08/2015 03:41:00 PM +0000,47.602985,-122.328535,"(47.602985, -122.328535)",F150075774
2515 Ne 107th St,Fuel Spill,07/08/2015 03:41:00 PM +0000,47.706701,-122.301451,"(47.706701, -122.301451)",F150075773
1811 Eastlake Av,Aid Response,07/08/2015 03:37:00 PM +0000,47.618002,-122.329183,"(47.618002, -122.329183)",F150075772
Eb Wsea Frwy At Sr99,MVI Freeway,07/08/2015 03:30:00 PM +0000,47.57151,-122.337962,"(47.57151, -122.337962)",F150075770
Ne 125th St / 33rd Av Ne,Aid Response,07/08/2015 03:29:00 PM +0000,47.719265,-122.29273,"(47.719265, -122.29273)",F150075771
Leary Way Nw / Nw 39th St,1RED 1 Unit,07/08/2015 03:17:00 PM +0000,47.654146,-122.360063,"(47.654146, -122.360063)",F150075769
4000 California Av Sw,Medic Response,07/08/2015 03:16:00 PM +0000,47.56839,-122.38677,"(47.56839, -122.38677)",F150075766
210 29th Av S,Aid Response,07/08/2015 03:15:00 PM +0000,47.600803,-122.29498,"(47.600803, -122.29498)",F150075765
3rd Av / Pike St,Aid Response,07/08/2015 03:08:00 PM +0000,47.60975,-122.337793,"(47.60975, -122.337793)",F150075763
1767 Sturgus Av S,Automatic Medical Alarm,07/08/2015 03:08:00 PM +0000,47.586953,-122.311789,"(47.586953, -122.311789)",F150075764
5303 Shilshole Av Nw,Aid Response,07/08/2015 03:00:00 PM +0000,47.665926,-122.384098,"(47.665926, -122.384098)",F150075760
417 Broadway  E,Aid Response,07/08/2015 03:00:00 PM +0000,47.622174,-122.320909,"(47.622174, -122.320909)",F150075762
9236 RENTON AV S,Aid Response,07/08/2015 02:59:00 PM +0000,47.520114,-122.272516,"(47.520114, -122.272516)",F150075759
Aurora Av N / N 85th St,Aid Response,07/08/2015 02:58:00 PM +0000,47.690563,-122.344522,"(47.690563, -122.344522)",F150075758
3516 Sw Charlestown St,Aid Response,07/08/2015 02:47:00 PM +0000,47.570205,-122.376289,"(47.570205, -122.376289)",F150075757
902 Ne 43rd St,Medic Response- 6 per Rule,07/08/2015 02:41:00 PM +0000,47.659458,-122.318766,"(47.659458, -122.318766)",F150075751
Pike St / Boren Av,Bark Fire,07/08/2015 02:39:00 PM +0000,47.613466,-122.328913,"(47.613466, -122.328913)",F150075749
2155 7th Av W,Aid Response,07/08/2015 02:38:00 PM +0000,47.638092,-122.36631,"(47.638092, -122.36631)",F150075747
Nb I5 Fr Mercer,Car Fire Freeway,07/08/2015 02:37:00 PM +0000,47.624655,-122.333319,"(47.624655, -122.333319)",F150075745
4142 M L King Jr Way S,Aid Response,07/08/2015 02:36:00 PM +0000,47.565828,-122.296424,"(47.565828, -122.296424)",F150075743
6801 52nd Av Ne,Aid Response,07/08/2015 02:28:00 PM +0000,47.677577,-122.271594,"(47.677577, -122.271594)",F150075741
6314 34th Av Sw,Aid Response,07/08/2015 02:27:00 PM +0000,47.546457,-122.37505,"(47.546457, -122.37505)",F150075740
13th Av S / S Dearborn St,Brush Fire,07/08/2015 01:55:00 PM +0000,47.59582,-122.315923,"(47.59582, -122.315923)",F150075738
2001 E Yesler Way,Aid Response,07/08/2015 01:48:00 PM +0000,47.601674,-122.306339,"(47.601674, -122.306339)",F150075737
7401 Rainier Av S,Fire in Building,07/08/2015 01:46:00 PM +0000,47.535914,-122.270031,"(47.535914, -122.270031)",F150075736
2901 Western Av,Aid Response,07/08/2015 01:46:00 PM +0000,47.616253,-122.353366,"(47.616253, -122.353366)",F150075735
15th Av S / Beacon Av S,Aid Response,07/08/2015 01:43:00 PM +0000,47.580593,-122.313412,"(47.580593, -122.313412)",F150075734
1213 Sw Holden St,Aid Response,07/08/2015 01:41:00 PM +0000,47.534046,-122.3506,"(47.534046, -122.3506)",F150075733
320 M L King Jr Way E,Aid Response,07/08/2015 01:36:00 PM +0000,47.621596,-122.296108,"(47.621596, -122.296108)",F150075732
6420 California Av Sw,Medic Response,07/08/2015 01:25:00 PM +0000,47.545436,-122.387209,"(47.545436, -122.387209)",F150075731
224 Bellevue Av E,Aid Response,07/08/2015 12:55:00 PM +0000,47.619903,-122.326574,"(47.619903, -122.326574)",F150075730
3612 Sw 112th St,Aid Response,07/08/2015 12:52:00 PM +0000,47.502829,-122.378211,"(47.502829, -122.378211)",F150075729
1st Av / Yesler Way,Medic Response,07/08/2015 12:21:00 PM +0000,47.601722,-122.334179,"(47.601722, -122.334179)",F150075728
9240 2ND AV SW,Aid Response,07/08/2015 11:46:00 AM +0000,47.520453,-122.336003,"(47.520453, -122.336003)",F150075725
2300 Sw Webster St,Aid Response,07/08/2015 11:44:00 AM +0000,47.535515,-122.36216,"(47.535515, -122.36216)",F150075724
1900 5th Av,Aid Response,07/08/2015 11:38:00 AM +0000,47.612958,-122.337873,"(47.612958, -122.337873)",F150075720
919 Stewart St,Medic Response,07/08/2015 11:36:00 AM +0000,47.615745,-122.334269,"(47.615745, -122.334269)",F150075719
100 Mercer St,Trans to AMR,07/08/2015 11:06:00 AM +0000,47.624578,-122.355404,"(47.624578, -122.355404)",F150075718
Ne 45th St / 8th Av Ne,Aid Response,07/08/2015 10:00:00 AM +0000,47.661311,-122.319567,"(47.661311, -122.319567)",F150075705
1301 1ST AV,Aid Response,07/08/2015 09:40:00 AM +0000,47.606835,-122.338197,"(47.606835, -122.338197)",F150075704
9144 7th Av S,Medic Response,07/08/2015 09:33:00 AM +0000,47.521735,-122.32498,"(47.521735, -122.32498)",F150075703
10360 51st Av S,Wires Down,07/08/2015 09:24:00 AM +0000,47.507709,-122.270108,"(47.507709, -122.270108)",F150075700
148 N 130th St,Aid Response,07/08/2015 09:02:00 AM +0000,47.723245,-122.357582,"(47.723245, -122.357582)",F150075698
Thomas St / Eastlake Av E,Medic Response,07/08/2015 08:58:00 AM +0000,47.620824,-122.329142,"(47.620824, -122.329142)",F150075697
7340 35th Av Ne,Aid Response,07/08/2015 08:40:00 AM +0000,47.68159,-122.290438,"(47.68159, -122.290438)",F150075696
2800 Elliott Av,Trans to AMR,07/08/2015 08:37:00 AM +0000,47.615025,-122.353269,"(47.615025, -122.353269)",F150075694
2351 N 61st St,Aid Response,07/08/2015 08:25:00 AM +0000,47.672886,-122.330201,"(47.672886, -122.330201)",F150075693
500 5th Av,Trans to AMR,07/08/2015 08:07:00 AM +0000,47.602985,-122.328535,"(47.602985, -122.328535)",F150075692
6951 62nd Av Ne,Aid Response,07/08/2015 07:59:00 AM +0000,47.6789,-122.262228,"(47.6789, -122.262228)",F150075689
5012 39th Av Ne,Aid Response,07/08/2015 07:54:00 AM +0000,47.664953,-122.28586,"(47.664953, -122.28586)",F150075688
1019 32nd Av E,Aid Response,07/08/2015 07:50:00 AM +0000,47.627656,-122.290909,"(47.627656, -122.290909)",F150075687
Ne 127th St / 28th Av Ne,Aid Response,07/08/2015 07:21:00 AM +0000,47.721102,-122.297721,"(47.721102, -122.297721)",F150075685
10500 51st Av S,Aid Response,07/08/2015 07:17:00 AM +0000,47.506583,-122.270133,"(47.506583, -122.270133)",F150075684
2814 S Washington St,Automatic Fire Alarm Resd,07/08/2015 07:07:00 AM +0000,47.600863,-122.295721,"(47.600863, -122.295721)",F150075682
2802 Rainier Av S,Aid Response,07/08/2015 07:06:00 AM +0000,47.578333,-122.298138,"(47.578333, -122.298138)",F150075681
